Workbook

Sheet Dataset
A1: No | B1: Jam Belajar (X1) | C1: Kehadiran (%) (X2) | D1: Kelas (Y)
A2: 1 | B2: 1 | C2: 50 | D2: Tidak Lulus
A3: 2 | B3: 2 | C3: 55 | D3: Tidak Lulus
A4: 3 | B4: 2 | C4: 60 | D4: Tidak Lulus
A5: 4 | B5: 3 | C5: 58 | D5: Tidak Lulus
A6: 5 | B6: 3 | C6: 62 | D6: Tidak Lulus
A7: 6 | B7: 4 | C7: 65 | D7: Tidak Lulus
A8: 7 | B8: 4 | C8: 68 | D8: Tidak Lulus
A9: 8 | B9: 5 | C9: 70 | D9: Lulus
A10: 9 | B10: 5 | C10: 72 | D10: Lulus
A11: 10 | B11: 6 | C11: 75 | D11: Lulus
A12: 11 | B12: 6 | C12: 78 | D12: Lulus
A13: 12 | B13: 7 | C13: 80 | D13: Lulus
... A51: 50 | B51: 8 | C51: 68 | D51: Lulus

Sheet Iterasi 1
A1: Keterangan | B1: Jumlah | C1: Probabilitas
A2: Total data | B2: 50
A3: Lulus | B3: =COUNTIF(Dataset!D2:D51,"Lulus") -> 25 | C3: =B3/$B$2 -> 0.5
A4: Tidak Lulus | B4: =COUNTIF(Dataset!D2:D51,"Tidak Lulus") -> 25 | C4: =B4/$B$2 -> 0.5
A6: MEAN (Rata-rata)
A7: Kelas | B7: Jam Belajar (X1) | C7: Kehadiran (%) (X2)
A8: Lulus | B8: =AVERAGEIF(Dataset!D2:D51,"Lulus",Dataset!B2:B51) -> 7.44 | C8: =AVERAGEIF(Dataset!D2:D51,"Lulus",Dataset!C2:C51) -> 75.16
A9: Tidak Lulus | B9: =AVERAGEIF(Dataset!D2:D51,"Tidak Lulus",Dataset!B2:B51) -> 3.44 | C9: =AVERAGEIF(Dataset!D2:D51,"Tidak Lulus",Dataset!C2:C51) -> 58.52
A11: VARIANCE
A12: Kelas | B12: Jam Belajar | C12: Kehadiran (%) (X2)
A13: Lulus | B13: {=_xlfn.VAR.S(_xlfn._xlws.FILTER(Dataset!B2:B51,Dataset!D2:D51="Lulus"))} -> 2.0066667 | C13: {=_xlfn.VAR.S(_xlfn._xlws.FILTER(Dataset!C2:C51,Dataset!D2:D51="Lulus"))} -> 46.306667
A14: Tidak Lulus | B14: {=_xlfn.VAR.S(_xlfn._xlws.FILTER(Dataset!B2:B51,Dataset!D2:D51="Tidak Lulus"))} -> 2.0066667 | C14: {=_xlfn.VAR.S(_xlfn._xlws.FILTER(Dataset!C2:C51,Dataset!D2:D51="Tidak Lulus"))} -> 24.176667
A16: Data Uji
A17: Jam Belajar (X1) | B17: 3
A18: Kehadiran (%) (X2) | B18: 50
A20: P(X1 | Lulus) | B20: =(1/SQRT(2*PI()*B13))*EXP(-((B17-B8)^2)/(2*B13)) -> 0.0020720795
A21: P(X1 | Tidak Lulus) | B21: =(1/SQRT(2*PI()*B14))*EXP(-((B17-B9)^2)/(2*B14)) -> 0.26836287
A22: P(X2 | Lulus) | B22: =(1/SQRT(2*PI()*C13))*EXP(-((B18-C8)^2)/(2*C13)) -> 6.3040895e-05
A23: P(X2 | Tidak Lulus) | B23: =(1/SQRT(2*PI()*C14))*EXP(-((B18-C9)^2)/(2*C14)) -> 0.018081216
A25: Probabilitas Lulus | B25: =C3*B20*B22 -> 6.5312873e-08
A26: Probabilitas Tidak Lulus | B26: =C4*B21*B23 -> 0.0024261635
A28: Prediksi | B28: =IF(B25>B26,"Lulus","Tidak Lulus") -> Tidak Lulus
A35: PENJELASAN SINGKAT ITERASI
A36: 1. Probabilitas awal dihitung berdasarkan jumlah data pada masing-masing kelas.
A37: 2. Mean dan variance digunakan untuk menentukan parameter distribusi Gaussian setiap fitur.
A38: 3. Probabilitas Gaussian dihitung untuk setiap fitur berdasarkan data uji.
A39: 4. Probabilitas akhir diperoleh dari perkalian probabilitas awal dan probabilitas Gaussian.
A40: 5. Prediksi ditentukan berdasarkan nilai probabilitas akhir terbesar.

Sheet Iterasi 2
A1: Keterangan | B1: Jumlah | C1: Probabilitas
A2: Total data | B2: 50
A3: Lulus | B3: =COUNTIF(Dataset!D2:D51,"Lulus") -> 25 | C3: =B3/$B$2 -> 0.5
A4: Tidak Lulus | B4: =COUNTIF(Dataset!D2:D51,"Tidak Lulus") -> 25 | C4: =B4/$B$2 -> 0.5
A6: MEAN (Rata-rata)
A7: Kelas | B7: Jam Belajar (X1) | C7: Kehadiran (%) (X2)
A8: Lulus | B8: =AVERAGEIF(Dataset!D2:D51,"Lulus",Dataset!B2:B51) -> 7.44 | C8: =AVERAGEIF(Dataset!D2:D51,"Lulus",Dataset!C2:C51) -> 75.16
A9: Tidak Lulus | B9: =AVERAGEIF(Dataset!D2:D51,"Tidak Lulus",Dataset!B2:B51) -> 3.44 | C9: =AVERAGEIF(Dataset!D2:D51,"Tidak Lulus",Dataset!C2:C51) -> 58.52
A11: VARIANCE
A12: Kelas | B12: Jam Belajar | C12: Kehadiran (%) (X2)
A13: Lulus | B13: {=_xlfn.VAR.S(_xlfn._xlws.FILTER(Dataset!B2:B51,Dataset!D2:D51="Lulus"))} -> 2.0066667 | C13: {=_xlfn.VAR.S(_xlfn._xlws.FILTER(Dataset!C2:C51,Dataset!D2:D51="Lulus"))} -> 46.306667
A14: Tidak Lulus | B14: {=_xlfn.VAR.S(_xlfn._xlws.FILTER(Dataset!B2:B51,Dataset!D2:D51="Tidak Lulus"))} -> 2.0066667 | C14: {=_xlfn.VAR.S(_xlfn._xlws.FILTER(Dataset!C2:C51,Dataset!D2:D51="Tidak Lulus"))} -> 24.176667
A16: Data Uji
A17: Jam Belajar (X1) | B17: 4
A18: Kehadiran (%) (X2) | B18: 55
A20: P(X1 | Lulus) | B20: =(1/SQRT(2*PI()*B13))*EXP(-((B17-B8)^2)/(2*B13)) -> 0.014761284
A21: P(X1 | Tidak Lulus) | B21: =(1/SQRT(2*PI()*B14))*EXP(-((B17-B9)^2)/(2*B14)) -> 0.26045751
A22: P(X2 | Lulus) | B22: =(1/SQRT(2*PI()*C13))*EXP(-((B18-C8)^2)/(2*C13)) -> 0.0007281562
A23: P(X2 | Tidak Lulus) | B23: =(1/SQRT(2*PI()*C14))*EXP(-((B18-C9)^2)/(2*C14)) -> 0.062795015
A25: Probabilitas Lulus | B25: =C3*B20*B22 -> 5.3742603e-06
A26: Probabilitas Tidak Lulus | B26: =C4*B21*B23 -> 0.0081777165
A28: Prediksi | B28: =IF(B25>B26,"Lulus","Tidak Lulus") -> Tidak Lulus

Sheet Iterasi 3
A1: Keterangan | B1: Jumlah | C1: Probabilitas
A2: Total data | B2: 50
A3: Lulus | B3: =COUNTIF(Dataset!D2:D51,"Lulus") -> 25 | C3: =B3/$B$2 -> 0.5
A4: Tidak Lulus | B4: =COUNTIF(Dataset!D2:D51,"Tidak Lulus") -> 25 | C4: =B4/$B$2 -> 0.5
A6: MEAN (Rata-rata)
A7: Kelas | B7: Jam Belajar (X1) | C7: Kehadiran (%) (X2)
A8: Lulus | B8: =AVERAGEIF(Dataset!D2:D51,"Lulus",Dataset!B2:B51) -> 7.44 | C8: =AVERAGEIF(Dataset!D2:D51,"Lulus",Dataset!C2:C51) -> 75.16
A9: Tidak Lulus | B9: =AVERAGEIF(Dataset!D2:D51,"Tidak Lulus",Dataset!B2:B51) -> 3.44 | C9: =AVERAGEIF(Dataset!D2:D51,"Tidak Lulus",Dataset!C2:C51) -> 58.52
A11: VARIANCE
A12: Kelas | B12: Jam Belajar | C12: Kehadiran (%) (X2)
A13: Lulus | B13: {=_xlfn.VAR.S(_xlfn._xlws.FILTER(Dataset!B2:B51,Dataset!D2:D51="Lulus"))} -> 2.0066667 | C13: {=_xlfn.VAR.S(_xlfn._xlws.FILTER(Dataset!C2:C51,Dataset!D2:D51="Lulus"))} -> 46.306667
A14: Tidak Lulus | B14: {=_xlfn.VAR.S(_xlfn._xlws.FILTER(Dataset!B2:B51,Dataset!D2:D51="Tidak Lulus"))} -> 2.0066667 | C14: {=_xlfn.VAR.S(_xlfn._xlws.FILTER(Dataset!C2:C51,Dataset!D2:D51="Tidak Lulus"))} -> 24.176667
A16: Data Uji
A17: Jam Belajar (X1) | B17: 5
A18: Kehadiran (%) (X2) | B18: 60
A20: P(X1 | Lulus) | B20: =(1/SQRT(2*PI()*B13))*EXP(-((B17-B8)^2)/(2*B13)) -> 0.063887525
A21: P(X1 | Tidak Lulus) | B21: =(1/SQRT(2*PI()*B14))*EXP(-((B17-B9)^2)/(2*B14)) -> 0.15357676
A22: P(X2 | Lulus) | B22: =(1/SQRT(2*PI()*C13))*EXP(-((B18-C8)^2)/(2*C13)) -> 0.0049018524
A23: P(X2 | Tidak Lulus) | B23: =(1/SQRT(2*PI()*C14))*EXP(-((B18-C9)^2)/(2*C14)) -> 0.077542245
A25: Probabilitas Lulus | B25: =C3*B20*B22 -> 0.00015658361
A26: Probabilitas Tidak Lulus | B26: =C4*B21*B23 -> 0.0059543434
A28: Prediksi | B28: =IF(B25>B26,"Lulus","Tidak Lulus") -> Tidak Lulus

Sheet Iterasi 4
A1: Keterangan | B1: Jumlah | C1: Probabilitas
A2: Total data | B2: 50
A3: Lulus | B3: =COUNTIF(Dataset!D2:D51,"Lulus") -> 25 | C3: =B3/$B$2 -> 0.5
A4: Tidak Lulus | B4: =COUNTIF(Dataset!D2:D51,"Tidak Lulus") -> 25 | C4: =B4/$B$2 -> 0.5
A6: MEAN (Rata-rata)
A7: Kelas | B7: Jam Belajar (X1) | C7: Kehadiran (%) (X2)
A8: Lulus | B8: =AVERAGEIF(Dataset!D2:D51,"Lulus",Dataset!B2:B51) -> 7.44 | C8: =AVERAGEIF(Dataset!D2:D51,"Lulus",Dataset!C2:C51) -> 75.16
A9: Tidak Lulus | B9: =AVERAGEIF(Dataset!D2:D51,"Tidak Lulus",Dataset!B2:B51) -> 3.44 | C9: =AVERAGEIF(Dataset!D2:D51,"Tidak Lulus",Dataset!C2:C51) -> 58.52
A11: VARIANCE
A12: Kelas | B12: Jam Belajar | C12: Kehadiran (%) (X2)
A13: Lulus | B13: {=_xlfn.VAR.S(_xlfn._xlws.FILTER(Dataset!B2:B51,Dataset!D2:D51="Lulus"))} -> 2.0066667 | C13: {=_xlfn.VAR.S(_xlfn._xlws.FILTER(Dataset!C2:C51,Dataset!D2:D51="Lulus"))} -> 46.306667
A14: Tidak Lulus | B14: {=_xlfn.VAR.S(_xlfn._xlws.FILTER(Dataset!B2:B51,Dataset!D2:D51="Tidak Lulus"))} -> 2.0066667 | C14: {=_xlfn.VAR.S(_xlfn._xlws.FILTER(Dataset!C2:C51,Dataset!D2:D51="Tidak Lulus"))} -> 24.176667
A16: Data Uji
A17: Jam Belajar (X1) | B17: 6
A18: Kehadiran (%) (X2) | B18: 75
A20: P(X1 | Lulus) | B20: =(1/SQRT(2*PI()*B13))*EXP(-((B17-B8)^2)/(2*B13)) -> 0.16798951
A21: P(X1 | Tidak Lulus) | B21: =(1/SQRT(2*PI()*B14))*EXP(-((B17-B9)^2)/(2*B14)) -> 0.055015912
A22: P(X2 | Lulus) | B22: =(1/SQRT(2*PI()*C13))*EXP(-((B18-C8)^2)/(2*C13)) -> 0.058609533
A23: P(X2 | Tidak Lulus) | B23: =(1/SQRT(2*PI()*C14))*EXP(-((B18-C9)^2)/(2*C14)) -> 0.00029503397
A25: Probabilitas Lulus | B25: =C3*B20*B22 -> 0.0049228933
A26: Probabilitas Tidak Lulus | B26: =C4*B21*B23 -> 8.1157814e-06
A28: Prediksi | B28: =IF(B25>B26,"Lulus","Tidak Lulus") -> Lulus

Sheet Iterasi 5
A1: Keterangan | B1: Jumlah | C1: Probabilitas
A2: Total data | B2: 50
A3: Lulus | B3: =COUNTIF(Dataset!D2:D51,"Lulus") -> 25 | C3: =B3/$B$2 -> 0.5
A4: Tidak Lulus | B4: =COUNTIF(Dataset!D2:D51,"Tidak Lulus") -> 25 | C4: =B4/$B$2 -> 0.5
A6: MEAN (Rata-rata)
A7: Kelas | B7: Jam Belajar (X1) | C7: Kehadiran (%) (X2)
A8: Lulus | B8: =AVERAGEIF(Dataset!D2:D51,"Lulus",Dataset!B2:B51) -> 7.44 | C8: =AVERAGEIF(Dataset!D2:D51,"Lulus",Dataset!C2:C51) -> 75.16
A9: Tidak Lulus | B9: =AVERAGEIF(Dataset!D2:D51,"Tidak Lulus",Dataset!B2:B51) -> 3.44 | C9: =AVERAGEIF(Dataset!D2:D51,"Tidak Lulus",Dataset!C2:C51) -> 58.52
A11: VARIANCE
A12: Kelas | B12: Jam Belajar | C12: Kehadiran (%) (X2)
A13: Lulus | B13: {=_xlfn.VAR.S(_xlfn._xlws.FILTER(Dataset!B2:B51,Dataset!D2:D51="Lulus"))} -> 2.0066667 | C13: {=_xlfn.VAR.S(_xlfn._xlws.FILTER(Dataset!C2:C51,Dataset!D2:D51="Lulus"))} -> 46.306667
A14: Tidak Lulus | B14: {=_xlfn.VAR.S(_xlfn._xlws.FILTER(Dataset!B2:B51,Dataset!D2:D51="Tidak Lulus"))} -> 2.0066667 | C14: {=_xlfn.VAR.S(_xlfn._xlws.FILTER(Dataset!C2:C51,Dataset!D2:D51="Tidak Lulus"))} -> 24.176667
A16: Data Uji
A17: Jam Belajar (X1) | B17: 7
A18: Kehadiran (%) (X2) | B18: 80
A20: P(X1 | Lulus) | B20: =(1/SQRT(2*PI()*B13))*EXP(-((B17-B8)^2)/(2*B13)) -> 0.26836287
A21: P(X1 | Tidak Lulus) | B21: =(1/SQRT(2*PI()*B14))*EXP(-((B17-B9)^2)/(2*B14)) -> 0.011973615
A22: P(X2 | Lulus) | B22: =(1/SQRT(2*PI()*C13))*EXP(-((B18-C8)^2)/(2*C13)) -> 0.04552374
A23: P(X2 | Tidak Lulus) | B23: =(1/SQRT(2*PI()*C14))*EXP(-((B18-C9)^2)/(2*C14)) -> 5.8230152e-06
A25: Probabilitas Lulus | B25: =C3*B20*B22 -> 0.0061084408
A26: Probabilitas Tidak Lulus | B26: =C4*B21*B23 -> 3.4861272e-08
A28: Prediksi | B28: =IF(B25>B26,"Lulus","Tidak Lulus") -> Lulus
